-- datos de prueba para la cafeteria

-- 4 categorias de productos
INSERT INTO categories (name) VALUES
    ('Bebidas Calientes'),
    ('Bebidas Frías'),
    ('Snacks'),
    ('Postres');

-- 20 productos, algunos con stock bajo para probar alertas
INSERT INTO products (name, category_id, price, stock, active) VALUES
    ('Café Americano', 1, 35.00, 100, TRUE),
    ('Cappuccino', 1, 45.00, 80, TRUE),
    ('Latte', 1, 48.00, 3, TRUE),
    ('Mocha', 1, 52.00, 75, TRUE),
    ('Té Verde', 1, 28.00, 4, TRUE),
    ('Frappé de Café', 2, 55.00, 60, TRUE),
    ('Smoothie de Fresa', 2, 50.00, 2, TRUE),
    ('Limonada', 2, 32.00, 90, TRUE),
    ('Agua Mineral', 2, 20.00, 150, TRUE),
    ('Té Helado', 2, 35.00, 70, TRUE),
    ('Sandwich de Jamón', 3, 65.00, 25, TRUE),
    ('Croissant', 3, 38.00, 1, TRUE),
    ('Bagel con Queso Crema', 3, 42.00, 30, TRUE),
    ('Ensalada César', 3, 75.00, 15, TRUE),
    ('Wrap de Pollo', 3, 68.00, 20, TRUE),
    ('Brownie', 4, 40.00, 45, TRUE),
    ('Cheesecake', 4, 55.00, 4, TRUE),
    ('Galletas (3 pzas)', 4, 25.00, 60, TRUE),
    ('Muffin de Arándano', 4, 35.00, 35, TRUE),
    ('Pastel de Chocolate', 4, 60.00, 0, FALSE);

-- 15 clientes
INSERT INTO customers (name, email) VALUES
    ('Ana García López', 'ana.garcia@email.com'),
    ('Carlos Hernández', 'carlos.hdz@email.com'),
    ('María Fernanda Ruiz', 'mafe.ruiz@email.com'),
    ('Juan Pablo Martínez', 'jp.martinez@email.com'),
    ('Sofía Ramírez', 'sofia.ramirez@email.com'),
    ('Diego Torres', 'diego.torres@email.com'),
    ('Valentina Morales', 'vale.morales@email.com'),
    ('Andrés Jiménez', 'andres.jimenez@email.com'),
    ('Camila Sánchez', 'camila.sanchez@email.com'),
    ('Luis Eduardo Pérez', 'luis.perez@email.com'),
    ('Gabriela Flores', 'gaby.flores@email.com'),
    ('Ricardo Mendoza', 'ricardo.mendoza@email.com'),
    ('Paola Vargas', 'paola.vargas@email.com'),
    ('Fernando Castro', 'fernando.castro@email.com'),
    ('Isabella Ortega', 'isabella.ortega@email.com');

-- 50 ordenes de los ultimos 2 meses
INSERT INTO orders (customer_id, created_at, status, channel) VALUES
    (1, '2025-12-08 09:15:00', 'Finalizado', 'Presencial'),
    (2, '2025-12-08 10:30:00', 'Finalizado', 'App Móvil'),
    (3, '2025-12-09 11:45:00', 'Finalizado', 'Presencial'),
    (4, '2025-12-10 08:20:00', 'Cancelado', 'Web'),
    (5, '2025-12-11 14:00:00', 'Finalizado', 'Presencial'),
    (6, '2025-12-12 16:30:00', 'Finalizado', 'App Móvil'),
    (7, '2025-12-13 09:00:00', 'Cancelado', 'Presencial'),
    (8, '2025-12-14 12:15:00', 'Finalizado', 'Web'),
    (9, '2025-12-15 15:45:00', 'Finalizado', 'App Móvil'),
    (10, '2025-12-16 10:00:00', 'Finalizado', 'Presencial'),
    (11, '2025-12-17 11:30:00', 'Finalizado', 'Presencial'),
    (12, '2025-12-18 13:00:00', 'Cancelado', 'Web'),
    (13, '2025-12-19 14:30:00', 'Finalizado', 'App Móvil'),
    (14, '2025-12-20 09:45:00', 'Finalizado', 'Presencial'),
    (15, '2025-12-21 16:00:00', 'Finalizado', 'Presencial'),
    (1, '2025-12-22 10:15:00', 'Finalizado', 'App Móvil'),
    (2, '2025-12-23 11:00:00', 'Finalizado', 'Web'),
    (3, '2025-12-24 12:30:00', 'Cancelado', 'Presencial'),
    (4, '2025-12-26 14:00:00', 'Finalizado', 'Presencial'),
    (5, '2025-12-27 15:30:00', 'Finalizado', 'App Móvil'),
    (6, '2025-12-28 09:00:00', 'Finalizado', 'Presencial'),
    (7, '2025-12-29 10:30:00', 'Finalizado', 'Web'),
    (8, '2025-12-30 13:45:00', 'Finalizado', 'Presencial'),
    (9, '2025-12-31 11:00:00', 'Cancelado', 'App Móvil'),
    (10, '2025-12-31 17:00:00', 'Finalizado', 'Presencial'),
    (11, '2026-01-02 09:30:00', 'Finalizado', 'Presencial'),
    (12, '2026-01-03 10:45:00', 'Finalizado', 'App Móvil'),
    (13, '2026-01-04 12:00:00', 'Cancelado', 'Web'),
    (14, '2026-01-05 14:15:00', 'Finalizado', 'Presencial'),
    (15, '2026-01-06 16:30:00', 'Finalizado', 'App Móvil'),
    (1, '2026-01-07 08:45:00', 'Finalizado', 'Presencial'),
    (2, '2026-01-08 11:00:00', 'Finalizado', 'Web'),
    (3, '2026-01-09 13:30:00', 'Finalizado', 'App Móvil'),
    (4, '2026-01-10 15:00:00', 'Cancelado', 'Presencial'),
    (5, '2026-01-11 09:15:00', 'Finalizado', 'Presencial'),
    (6, '2026-01-12 10:30:00', 'Finalizado', 'App Móvil'),
    (7, '2026-01-13 12:45:00', 'Finalizado', 'Web'),
    (8, '2026-01-14 14:00:00', 'Finalizado', 'Presencial'),
    (9, '2026-01-15 16:15:00', 'Cancelado', 'App Móvil'),
    (10, '2026-01-16 09:30:00', 'Finalizado', 'Presencial'),
    (11, '2026-01-17 11:45:00', 'Finalizado', 'Web'),
    (12, '2026-01-18 13:00:00', 'Finalizado', 'Presencial'),
    (13, '2026-01-19 15:15:00', 'Finalizado', 'App Móvil'),
    (14, '2026-01-20 10:30:00', 'Finalizado', 'Presencial'),
    (15, '2026-01-21 12:00:00', 'Finalizado', 'Web'),
    (1, '2026-01-22 14:30:00', 'Pendiente', 'App Móvil'),
    (2, '2026-01-23 09:00:00', 'Pendiente', 'Presencial'),
    (3, '2026-01-24 11:15:00', 'Pendiente', 'Web'),
    (4, '2026-01-25 13:45:00', 'Pendiente', 'Presencial'),
    (5, '2026-01-26 15:00:00', 'Pendiente', 'App Móvil');

-- items de las ordenes
INSERT INTO order_items (order_id, product_id, qty, unit_price) VALUES
    (1, 1, 2, 35.00), (1, 16, 1, 40.00),
    (2, 2, 1, 45.00), (2, 11, 1, 65.00),
    (3, 6, 2, 55.00), (3, 18, 2, 25.00),
    (4, 3, 1, 48.00),
    (5, 4, 1, 52.00), (5, 12, 2, 38.00),
    (6, 7, 1, 50.00), (6, 17, 1, 55.00),
    (7, 8, 2, 32.00),
    (8, 9, 3, 20.00), (8, 13, 1, 42.00),
    (9, 10, 1, 35.00), (9, 14, 1, 75.00),
    (10, 1, 1, 35.00), (10, 2, 1, 45.00), (10, 16, 1, 40.00),
    (11, 5, 2, 28.00), (11, 19, 1, 35.00),
    (12, 6, 1, 55.00),
    (13, 11, 2, 65.00), (13, 8, 1, 32.00),
    (14, 15, 1, 68.00), (14, 10, 1, 35.00),
    (15, 1, 3, 35.00), (15, 18, 4, 25.00),
    (16, 2, 2, 45.00), (16, 17, 1, 55.00),
    (17, 4, 1, 52.00), (17, 12, 1, 38.00),
    (18, 3, 2, 48.00),
    (19, 7, 1, 50.00), (19, 13, 1, 42.00),
    (20, 9, 4, 20.00), (20, 16, 2, 40.00),
    (21, 1, 1, 35.00), (21, 11, 1, 65.00),
    (22, 6, 2, 55.00), (22, 18, 3, 25.00),
    (23, 2, 1, 45.00), (23, 19, 2, 35.00),
    (24, 10, 2, 35.00),
    (25, 4, 2, 52.00), (25, 14, 1, 75.00),
    (26, 1, 1, 35.00), (26, 16, 1, 40.00),
    (27, 5, 1, 28.00), (27, 12, 2, 38.00),
    (28, 8, 2, 32.00),
    (29, 2, 1, 45.00), (29, 11, 1, 65.00),
    (30, 7, 1, 50.00), (30, 17, 1, 55.00),
    (31, 1, 2, 35.00), (31, 18, 2, 25.00),
    (32, 6, 1, 55.00), (32, 13, 1, 42.00),
    (33, 4, 1, 52.00), (33, 15, 1, 68.00),
    (34, 9, 2, 20.00),
    (35, 3, 1, 48.00), (35, 16, 1, 40.00),
    (36, 10, 1, 35.00), (36, 19, 1, 35.00),
    (37, 2, 2, 45.00), (37, 14, 1, 75.00),
    (38, 1, 1, 35.00), (38, 12, 1, 38.00),
    (39, 5, 2, 28.00),
    (40, 8, 1, 32.00), (40, 17, 1, 55.00),
    (41, 6, 1, 55.00), (41, 11, 1, 65.00),
    (42, 4, 1, 52.00), (42, 18, 2, 25.00),
    (43, 7, 2, 50.00), (43, 16, 1, 40.00),
    (44, 1, 1, 35.00), (44, 2, 1, 45.00),
    (45, 9, 2, 20.00), (45, 13, 1, 42.00),
    (46, 3, 1, 48.00), (46, 15, 1, 68.00),
    (47, 10, 1, 35.00), (47, 19, 1, 35.00),
    (48, 6, 1, 55.00), (48, 12, 1, 38.00),
    (49, 1, 2, 35.00), (49, 17, 1, 55.00),
    (50, 2, 1, 45.00), (50, 11, 1, 65.00), (50, 16, 1, 40.00);

-- pagos de las ordenes finalizadas
INSERT INTO payments (order_id, method, paid_amount) VALUES
    (1, 'Efectivo', 110.00),
    (2, 'Tarjeta de Crédito', 110.00),
    (3, 'Tarjeta de Débito', 160.00),
    (5, 'Efectivo', 128.00),
    (6, 'Tarjeta de Crédito', 105.00),
    (8, 'Efectivo', 102.00),
    (9, 'Tarjeta de Débito', 110.00),
    (10, 'Efectivo', 120.00),
    (11, 'Tarjeta de Crédito', 91.00),
    (13, 'Efectivo', 162.00),
    (14, 'Tarjeta de Débito', 103.00),
    (15, 'Efectivo', 205.00),
    (16, 'Tarjeta de Crédito', 145.00),
    (17, 'Efectivo', 90.00),
    (19, 'Tarjeta de Débito', 92.00),
    (20, 'Efectivo', 160.00),
    (21, 'Tarjeta de Crédito', 100.00),
    (22, 'Efectivo', 185.00),
    (23, 'Tarjeta de Débito', 115.00),
    (25, 'Efectivo', 179.00),
    (26, 'Tarjeta de Crédito', 75.00),
    (27, 'Efectivo', 104.00),
    (29, 'Tarjeta de Débito', 110.00),
    (30, 'Tarjeta de Crédito', 105.00),
    (31, 'Efectivo', 120.00),
    (32, 'Tarjeta de Débito', 97.00),
    (33, 'Efectivo', 120.00),
    (35, 'Tarjeta de Crédito', 88.00),
    (36, 'Efectivo', 70.00),
    (37, 'Tarjeta de Débito', 165.00),
    (38, 'Efectivo', 73.00),
    (40, 'Tarjeta de Crédito', 87.00),
    (41, 'Efectivo', 120.00),
    (42, 'Tarjeta de Débito', 102.00),
    (43, 'Efectivo', 140.00),
    (44, 'Tarjeta de Crédito', 80.00),
    (45, 'Efectivo', 82.00);
